,City,Country,Date,Latitude,Longitude,Cloudiness (%),Wind Speed (mph),Max Temp (F),Humidity (%)
0,georgetown,MY,2022-04-24 12:06:44,5.4112,100.3354,20,2.06,87.99800000000002,74
1,port elizabeth,ZA,2022-04-24 12:07:46,-33.918,25.5701,14,3.58,60.36799999999998,97
2,gander,CA,2022-04-24 12:05:27,48.9682,-54.5906,100,9.26,32.432000000000016,100
3,avera,US,2022-04-24 12:07:48,33.194,-82.5271,1,3.54,66.52400000000002,80
4,camana,PE,2022-04-24 12:07:50,-16.6228,-72.7111,25,2.89,67.81999999999996,87
5,avarua,CK,2022-04-24 12:07:51,-21.2078,-159.775,20,3.6,79.12400000000002,83
6,kasongo-lunda,CD,2022-04-24 12:07:53,-6.4667,16.8167,100,0.91,69.60199999999998,99
7,ushuaia,AR,2022-04-24 12:04:42,-54.8,-68.3,20,6.17,40.92799999999996,81
8,carlos chagas,BR,2022-04-24 12:07:55,-17.7031,-40.7664,33,1.55,71.76199999999996,94
9,ponta do sol,PT,2022-04-24 12:07:56,32.6667,-17.1,46,1.96,60.98000000000005,67
10,ancud,CL,2022-04-24 12:07:58,-41.8697,-73.8203,100,13.17,53.492,89
11,taolanaro,,,,,,,,
12,mataura,NZ,2022-04-24 12:08:00,-46.1927,168.8643,98,3.72,52.75399999999995,89
13,santana do livramento,BR,2022-04-24 12:08:01,-30.8908,-55.5328,4,1.88,51.38599999999997,70
14,dikson,RU,2022-04-24 12:08:03,73.5069,80.5464,100,6.32,5.161999999999953,93
15,grindavik,IS,2022-04-24 12:08:04,63.8424,-22.4338,75,1.03,43.538000000000046,81
16,thompson,CA,2022-04-24 12:08:06,55.7435,-97.8558,100,6.68,30.50600000000003,92
17,yellowknife,CA,2022-04-24 12:08:07,62.456,-114.3525,11,5.8,24.47599999999999,83
18,lebu,CL,2022-04-24 12:08:08,-37.6167,-73.65,75,7.66,55.75999999999998,90
19,khatanga,RU,2022-04-24 12:08:10,71.9667,102.5,97,2.89,12.380000000000042,89
20,mariental,NA,2022-04-24 12:08:11,-24.6333,17.9667,2,3.45,57.95600000000003,60
21,nouadhibou,MR,2022-04-24 12:08:12,20.931,-17.0347,27,6.98,64.184,78
22,perundurai,IN,2022-04-24 12:08:14,11.2667,77.5833,100,1.31,83.35399999999996,60
23,asau,RO,2022-04-24 12:08:15,46.4333,26.4,27,1.72,48.21799999999999,100
24,east london,ZA,2022-04-24 12:08:16,-33.0153,27.9116,74,4.11,61.66400000000003,89
25,victoria,HK,2022-04-24 12:07:15,22.2855,114.1577,37,3.13,87.24199999999999,82
26,castro,BR,2022-04-24 12:08:19,-24.7911,-50.0119,100,0.17,62.83399999999999,92
27,jiancheng,CN,2022-04-24 12:08:20,30.391,104.5491,95,8.86,74.93000000000004,73
28,sentyabrskiy,,,,,,,,
29,tiksi,RU,2022-04-24 12:08:23,71.6872,128.8694,100,1.96,10.616000000000007,87
30,tasiilaq,GL,2022-04-24 12:08:24,65.6145,-37.6368,91,3.52,36.03200000000002,84
31,chimoio,MZ,2022-04-24 12:08:25,-19.1164,33.4833,3,0.92,61.71799999999999,97
32,meyungs,,,,,,,,
33,iroquois falls,CA,2022-04-24 12:08:28,48.7669,-80.6831,100,5.19,37.346000000000046,87
34,narsaq,GL,2022-04-24 12:08:29,60.9167,-46.05,100,1.59,37.88599999999997,98
35,cape town,ZA,2022-04-24 12:04:41,-33.9258,18.4232,1,1.43,56.174000000000014,75
36,lerwick,GB,2022-04-24 12:08:31,60.1545,-1.1494,96,6.76,44.86999999999996,75
37,punta arenas,CL,2022-04-24 12:08:33,-53.15,-70.9167,100,1.54,43.17799999999996,93
38,bluff,NZ,2022-04-24 12:08:34,-46.6,168.3333,94,10.54,53.07799999999996,65
39,vavozh,RU,2022-04-24 12:08:35,56.7751,51.931,100,1.2,43.501999999999974,75
40,nikolskoye,RU,2022-04-24 12:08:37,59.7035,30.7861,100,4.06,39.14600000000005,82
41,rikitea,PF,2022-04-24 12:08:38,-23.1203,-134.9692,100,7.01,75.59600000000006,80
42,kapaa,US,2022-04-24 12:08:40,22.0752,-159.319,100,7.2,82.65199999999999,85
43,tomatlan,MX,2022-04-24 12:08:41,19.9333,-105.25,0,0.18,66.97400000000002,88
44,pevek,RU,2022-04-24 12:08:42,69.7008,170.3133,100,0.92,18.661999999999956,89
45,saskylakh,RU,2022-04-24 12:08:44,71.9167,114.0833,19,2.19,10.993999999999971,86
46,baykit,RU,2022-04-24 12:08:45,61.67,96.37,62,0.85,37.022000000000034,69
47,kenai,US,2022-04-24 12:08:46,60.5544,-151.2583,75,3.6,52.30399999999995,51
48,pingchen,,,,,,,,
49,yar-sale,RU,2022-04-24 12:08:49,66.8333,70.8333,86,1.18,5.125999999999987,88
50,grand river south east,,,,,,,,
51,chuy,UY,2022-04-24 12:08:51,-33.6971,-53.4616,0,2.72,52.7,72
52,luanda,AO,2022-04-24 12:08:52,-8.8368,13.2343,100,2.54,75.434,90
53,stolbishche,RU,2022-04-24 12:08:54,55.6468,49.216,0,1,43.51999999999996,70
54,santa eulalia del rio,,,,,,,,
55,tuktoyaktuk,CA,2022-04-24 12:08:56,69.4541,-133.0374,18,2.79,21.883999999999993,96
56,palabuhanratu,,,,,,,,
57,porbandar,IN,2022-04-24 12:08:59,21.6422,69.6093,0,6.69,91.65199999999999,46
58,methoni,GR,2022-04-24 12:09:00,36.8197,21.7049,1,5.48,57.48800000000004,88
59,tocopilla,CL,2022-04-24 12:09:02,-22.092,-70.1979,41,0.31,64.4,72
60,iskateley,RU,2022-04-24 12:09:03,67.6803,53.1512,100,2.99,15.008000000000003,91
61,anloga,GH,2022-04-24 12:09:04,5.7947,0.8973,95,5.2,81.55399999999995,87
62,butaritari,KI,2022-04-24 12:09:06,3.0707,172.7902,69,5.63,81.46400000000003,79
63,constitucion,CL,2022-04-24 12:09:07,-35.3333,-72.4167,98,3.04,57.21799999999999,91
64,moron,AR,2022-04-24 12:09:08,-34.6534,-58.6198,58,5.15,62.29399999999997,77
65,pallisa,UG,2022-04-24 12:09:10,1.145,33.7094,100,2.39,65.44399999999997,94
66,port blair,IN,2022-04-24 12:09:11,11.6667,92.75,20,4.12,88.10600000000002,70
67,belushya guba,,,,,,,,
68,galle,LK,2022-04-24 12:05:34,6.0367,80.217,29,2.95,85.00999999999999,70
69,dasoguz,TM,2022-04-24 12:09:15,41.8363,59.9666,20,3.36,67.73000000000005,38
70,puerto del rosario,ES,2022-04-24 12:09:16,28.5004,-13.8627,75,5.14,62.61799999999998,72
71,longyearbyen,SJ,2022-04-24 12:09:17,78.2186,15.6401,40,7.2,17.708000000000006,67
72,aras,ES,2022-04-24 12:09:19,42.5617,-2.356,75,5.14,46.022000000000034,81
73,samarai,PG,2022-04-24 12:09:20,-10.6167,150.6667,15,5.92,85.35199999999998,68
74,kulhudhuffushi,MV,2022-04-24 12:09:21,6.6221,73.07,100,2.16,84.25399999999996,70
75,pacific grove,US,2022-04-24 12:09:23,36.6177,-121.9166,0,2.06,59.50399999999995,81
76,faya,SA,2022-04-24 12:09:24,18.3851,42.4509,15,2.02,63.391999999999996,38
77,paita,PE,2022-04-24 12:09:26,-5.0892,-81.1144,33,4.7,68.63000000000005,84
78,bethel,US,2022-04-24 12:09:27,41.3712,-73.414,100,2.06,53.95999999999998,71
79,busselton,AU,2022-04-24 12:09:28,-33.65,115.3333,30,3.19,73.90399999999995,41
80,pontes e lacerda,BR,2022-04-24 12:09:30,-15.2261,-59.3353,84,0.83,72.68000000000004,87
81,airai,TL,2022-04-24 12:09:31,-8.9266,125.4092,19,1.63,76.53200000000001,42
82,sambava,MG,2022-04-24 12:09:32,-14.2667,50.1667,99,3.36,75.95600000000003,90
83,coquimbo,CL,2022-04-24 12:09:34,-29.9533,-71.3436,100,0.51,57.2,94
84,new norfolk,AU,2022-04-24 12:09:35,-42.7826,147.0587,21,1.07,67.15399999999995,51
85,vaini,TO,2022-04-24 12:09:36,-21.2,-175.2,75,2.06,82.83200000000002,65
86,yulara,AU,2022-04-24 12:09:38,-25.2406,130.9889,2,5.14,79.75399999999996,34
87,cidreira,BR,2022-04-24 12:09:39,-30.1811,-50.2056,0,3.08,58.17200000000004,74
88,albany,US,2022-04-24 12:03:05,42.6001,-73.9662,100,0.92,48.83000000000004,56
89,mys shmidta,,,,,,,,
90,qaanaaq,GL,2022-04-24 12:09:43,77.484,-69.3632,29,3.28,-5.044000000000025,76
91,omboue,GA,2022-04-24 12:09:44,-1.5746,9.2618,100,1.8,76.94600000000005,91
92,port alfred,ZA,2022-04-24 12:09:45,-33.5906,26.891,17,1.79,58.44199999999999,96
93,puerto ayora,EC,2022-04-24 12:09:47,-0.7393,-90.3518,55,2.52,71.97799999999997,92
94,hasaki,JP,2022-04-24 12:09:48,35.7333,140.8333,100,7.59,65.066,91
95,bushenyi,UG,2022-04-24 12:09:49,-0.5853,30.2114,100,0.93,60.908,95
96,diamantino,BR,2022-04-24 12:09:51,-14.4086,-56.4461,96,2.31,72.40999999999998,90
97,samusu,,,,,,,,
98,jamestown,US,2022-04-24 12:09:53,42.097,-79.2353,0,4.12,64.30999999999997,71
99,severo-kurilsk,RU,2022-04-24 12:08:58,50.6789,156.125,100,4.42,35.61799999999998,100
100,jizan,SA,2022-04-24 12:09:56,17.3333,42.6667,7,2.19,88.10600000000002,48
101,manga,BF,2022-04-24 12:09:57,11.6636,-1.0731,56,1.35,85.17200000000004,15
102,arraial do cabo,BR,2022-04-24 12:09:59,-22.9661,-42.0278,2,4.6,77.48599999999996,84
103,kloulklubed,PW,2022-04-24 12:10:00,7.0419,134.2556,100,5.84,79.57400000000001,83
104,oussouye,SN,2022-04-24 12:10:02,12.485,-16.5469,25,0.99,73.72400000000002,71
105,hithadhoo,MV,2022-04-24 12:10:03,-0.6,73.0833,100,1.69,84.84800000000003,72
106,saint george,US,2022-04-24 12:10:05,37.1041,-113.5841,20,6.17,61.898000000000025,21
107,iqaluit,CA,2022-04-24 12:10:06,63.7506,-68.5145,25,1.24,-1.6780000000000186,91
108,ribeira grande,PT,2022-04-24 12:10:07,38.5167,-28.7,36,8.74,58.658,68
109,hermanus,ZA,2022-04-24 12:10:09,-34.4187,19.2345,14,1.47,56.08399999999999,69
110,binzhou,CN,2022-04-24 12:10:10,37.3667,118.0167,90,4.09,87.476,30
111,soyo,AO,2022-04-24 12:10:11,-6.1349,12.3689,100,1.86,76.71199999999996,88
112,lompoc,US,2022-04-24 12:10:13,34.6391,-120.4579,0,8.49,58.208000000000006,79
113,swidnik,PL,2022-04-24 12:10:14,51.219,22.6962,0,2.57,41.161999999999956,93
114,rochefort,FR,2022-04-24 12:10:15,45.9167,-1,98,5.39,55.72400000000002,90
115,mahebourg,MU,2022-04-24 12:10:17,-20.4081,57.7,40,6.17,78.53000000000004,69
116,vaitupu,,,,,,,,
117,devonport,AU,2022-04-24 12:10:20,-41.1667,146.35,8,1.88,64.36400000000003,59
118,san juan,AR,2022-04-24 12:07:45,-31.5375,-68.5364,69,0.89,64.90399999999995,45
119,hilo,US,2022-04-24 12:06:09,19.7297,-155.09,100,1.54,77.558,81
120,hobart,AU,2022-04-24 12:10:24,-42.8794,147.3294,20,3.6,67.49600000000005,54
121,leningradskiy,RU,2022-04-24 12:10:25,69.3833,178.4167,100,1.75,26.491999999999997,88
122,belmonte,BR,2022-04-24 12:10:27,-15.8631,-38.8828,13,2.09,77.66600000000001,88
123,chokurdakh,RU,2022-04-24 12:10:28,70.6333,147.9167,73,1.13,5.882000000000016,88
124,piranshahr,IR,2022-04-24 12:10:29,36.701,45.1413,100,0.76,61.10600000000003,29
125,nome,US,2022-04-24 12:10:31,64.5011,-165.4064,100,0,39.541999999999994,70
126,aklavik,CA,2022-04-24 12:10:32,68.2191,-135.0107,92,3.1,31.351999999999975,94
127,warqla,,,,,,,,
128,tuni,IN,2022-04-24 12:10:34,17.35,82.55,57,4.36,94.15399999999995,47
129,sangar,RU,2022-04-24 12:10:36,63.9242,127.4739,99,2.03,27.859999999999978,85
130,zhoucheng,CN,2022-04-24 12:10:37,35.9122,116.3117,100,6.27,83.11999999999996,42
131,tambacounda,SN,2022-04-24 12:10:38,13.7539,-13.7586,73,4.79,89.618,17
132,bredasdorp,ZA,2022-04-24 12:10:40,-34.5322,20.0403,49,2.3,52.75399999999995,73
133,bogorodskoye,RU,2022-04-24 12:10:41,56.55,37.8833,100,2.46,45.64399999999997,86
134,norman wells,CA,2022-04-24 12:10:42,65.282,-126.8329,40,2.98,34.285999999999966,94
135,union,US,2022-04-24 12:06:14,40.6334,-74.2663,100,2.57,56.641999999999996,67
136,ariquemes,BR,2022-04-24 12:10:45,-9.9133,-63.0408,83,0.39,72.91400000000004,98
137,aripuana,BR,2022-04-24 12:10:46,-9.1667,-60.6333,43,0.94,72.40999999999998,98
138,san patricio,US,2022-04-24 12:10:47,28.017,-97.5169,96,7.3,76.1,76
139,nedjo,ET,2022-04-24 12:10:49,9.5046,35.5019,73,0.96,62.20399999999995,81
140,nantucket,US,2022-04-24 12:10:50,41.2835,-70.0995,75,4.63,52.12400000000001,79
141,husavik,IS,2022-04-24 12:10:51,66.0449,-17.3389,72,1.5,42.61999999999996,78
142,prince rupert,CA,2022-04-24 12:08:21,54.3161,-130.3201,100,3.6,44.95999999999998,81
143,koslan,RU,2022-04-24 12:10:54,63.4564,48.8989,100,1.23,34.25,99
144,sao felix do xingu,BR,2022-04-24 12:10:55,-6.6447,-51.995,100,0.5,71.54600000000005,99
145,honningsvag,NO,2022-04-24 12:10:56,70.9821,25.9704,100,8.23,39.21799999999998,87
146,kedrovyy,RU,2022-04-24 12:10:58,56.1667,91.8167,77,3.49,27.283999999999992,52
147,mayumba,GA,2022-04-24 12:10:59,-3.432,10.6554,99,0.61,77.70199999999997,87
148,souillac,MU,2022-04-24 12:11:00,-20.5167,57.5167,40,6.17,77.64800000000002,69
149,pishin,PK,2022-04-24 12:07:53,30.5803,66.9961,47,2.65,75.61400000000003,16
150,kuusankoski,FI,2022-04-24 12:11:03,60.907,26.6244,0,4.63,33.69199999999999,82
151,nanortalik,GL,2022-04-24 12:11:04,60.1432,-45.2371,100,2.96,35.11400000000003,99
152,dhidhdhoo,MV,2022-04-24 12:11:06,6.8833,73.1,90,2.81,84.25399999999996,71
153,upernavik,GL,2022-04-24 12:11:07,72.7868,-56.1549,58,2.93,-2.9559999999999818,98
154,lolua,,,,,,,,
155,fortuna,US,2022-04-24 12:11:09,40.5982,-124.1573,100,3.6,51.92599999999999,93
156,russkiy,RU,2022-04-24 12:11:11,43.0147,131.8642,58,1.88,69.92599999999999,84
157,porto novo,BJ,2022-04-24 12:11:12,6.4965,2.6036,100,2.42,79.88000000000005,87
158,tawang,IN,2022-04-24 12:11:13,27.5833,91.8667,61,2.93,58.44199999999999,63
159,armacao dos buzios,,,,,,,,
160,saldanha,ZA,2022-04-24 12:11:16,-33.0117,17.9442,1,3.8,56.714000000000034,74
161,andra,RU,2022-04-24 12:11:17,62.5147,65.8878,98,0.96,30.91999999999996,95
162,ilulissat,GL,2022-04-24 12:11:19,69.2167,-51.1,75,1.54,26.888000000000044,100
163,olafsvik,IS,2022-04-24 12:11:20,64.8945,-23.7142,99,2.9,45.10399999999995,83
164,carnarvon,AU,2022-04-24 12:11:21,-24.8667,113.6333,0,3.6,84.542,58
165,attawapiskat,,,,,,,,
166,cockburn town,TC,2022-04-24 12:11:24,21.4612,-71.1419,100,8.69,77.558,74
167,batalha,BR,2022-04-24 12:11:25,-9.6778,-37.1247,38,1.57,72.75199999999998,96
168,mahibadhoo,MV,2022-04-24 12:11:26,3.7833,72.9667,98,1.37,84.68599999999998,70
169,khani,GE,2022-04-24 12:11:28,41.9563,42.9566,0,2.61,58.83800000000005,62
170,talnakh,RU,2022-04-24 12:11:29,69.4865,88.3972,56,1.83,2.4800000000000395,92
171,salinopolis,BR,2022-04-24 12:11:30,-0.6136,-47.3561,100,2.21,74.67799999999997,92
172,ladario,BR,2022-04-24 12:09:09,-19.0047,-57.6017,14,1.09,75.93800000000005,74
173,beringovskiy,RU,2022-04-24 12:11:33,63.05,179.3167,94,0.36,29.588000000000044,76
174,turbat,PK,2022-04-24 12:11:34,26.0023,63.044,1,1.78,85.19000000000003,45
175,kiama,AU,2022-04-24 12:11:36,-34.6833,150.8667,25,0.45,71.65399999999995,73
176,pyu,MM,2022-04-24 12:11:37,18.4833,96.4333,19,3.68,98.34800000000003,36
177,gravdal,NO,2022-04-24 12:11:38,68.1214,13.5031,98,3.33,41.35999999999998,83
178,oktyabrskoye,RU,2022-04-24 12:11:40,43.0645,44.7417,4,2,43.214000000000034,93
179,glenwood springs,US,2022-04-24 12:10:45,39.5505,-107.3248,100,0.45,40.280000000000044,91
180,la paz,BO,2022-04-24 12:11:42,-16.5,-68.15,20,2.57,37.65199999999997,93
181,opelousas,US,2022-04-24 12:11:43,30.5335,-92.0815,100,6.69,73.56199999999995,94
182,lufilufi,WS,2022-04-24 12:11:45,-13.8745,-171.5986,22,2.72,87.06199999999995,70
183,svetlogorsk,BY,2022-04-24 12:11:46,52.6333,29.7333,29,2.4,40.567999999999984,94
184,amderma,,,,,,,,
185,road town,VG,2022-04-24 12:07:01,18.4167,-64.6167,97,7.55,75.55999999999997,68
186,bilibino,RU,2022-04-24 12:11:50,68.0546,166.4372,97,0.83,21.614000000000033,75
187,puerto escondido,MX,2022-04-24 12:11:51,15.85,-97.0667,40,1.54,83.49800000000002,69
188,longavi,CL,2022-04-24 12:11:52,-35.9667,-71.6833,97,2.84,56.53399999999999,90
189,opuwo,NA,2022-04-24 12:11:54,-18.0607,13.84,4,1.3,61.772000000000034,59
190,saint-philippe,RE,2022-04-24 12:11:55,-21.3585,55.7679,79,6.75,73.25600000000003,77
191,welkom,ZA,2022-04-24 12:11:56,-27.9864,26.7066,7,2.69,51.61999999999996,74
192,cheremushskiy,RU,2022-04-24 12:11:58,61.2731,47.2636,100,2.4,36.788000000000046,85
193,cassilandia,BR,2022-04-24 12:11:59,-19.1133,-51.7342,23,0.76,70.55600000000004,78
194,atuona,PF,2022-04-24 12:12:00,-9.8,-139.0333,49,7.68,79.66400000000004,78
195,pitimbu,BR,2022-04-24 12:12:02,-7.4706,-34.8086,100,3.48,76.06400000000004,84
196,san quintin,MX,2022-04-24 12:12:03,30.4833,-115.95,0,3.62,59.12599999999999,80
197,nautla,MX,2022-04-24 12:12:04,20.2167,-96.7833,0,7.26,77.30600000000004,84
198,reitz,ZA,2022-04-24 12:12:06,-27.8014,28.4273,11,1.51,51.530000000000044,87
199,rio grande,BR,2022-04-24 12:10:53,-32.035,-52.0986,0,3.19,57.50600000000003,66
200,guanica,PR,2022-04-24 12:12:08,17.9716,-66.908,96,2.28,74.24600000000005,87
201,paamiut,GL,2022-04-24 12:12:10,61.994,-49.6678,100,1.76,31.801999999999975,92
202,barentsburg,,,,,,,,
203,mayskiy,RU,2022-04-24 12:12:12,47.6931,40.1025,87,5.53,51.475999999999985,74
204,panjwin,,,,,,,,
205,kysyl-syr,RU,2022-04-24 12:12:15,63.8986,122.7617,97,0.64,28.85,78
206,camacha,PT,2022-04-24 12:12:16,33.0833,-16.3333,75,1.54,55.09399999999997,77
207,edea,CM,2022-04-24 12:12:17,3.8,10.1333,100,1.02,70.592,98
208,santarem,BR,2022-04-24 12:12:19,-2.4431,-54.7083,75,2.06,79.19600000000005,100
209,lensk,RU,2022-04-24 12:12:20,60.7253,114.9278,100,2.44,35.74399999999997,67
210,khonuu,,,,,,,,
211,hofn,IS,2022-04-24 12:12:22,64.2539,-15.2082,95,1.9,44.492,78
212,camrose,CA,2022-04-24 12:12:24,53.0168,-112.8353,67,3.15,43.19600000000005,64
213,marondera,ZW,2022-04-24 12:12:25,-18.1853,31.5519,2,0.9,54.067999999999984,96
214,caravelas,BR,2022-04-24 12:12:26,-17.7125,-39.2481,15,2.49,76.60399999999996,95
215,xiaoshan,CN,2022-04-24 12:12:28,30.1675,120.2588,75,3,79.10600000000002,73
216,lata,PT,2022-04-24 12:12:29,40.1629,-8.3327,11,1.06,46.346000000000046,95
217,dukat,RU,2022-04-24 12:12:30,62.55,155.55,100,2.7,19.346000000000046,82
218,huarmey,PE,2022-04-24 12:12:32,-10.0681,-78.1522,76,3.75,68.16199999999995,87
219,port shepstone,ZA,2022-04-24 12:12:33,-30.7414,30.455,7,2.16,66.70399999999995,82
220,sri aman,MY,2022-04-24 12:12:34,1.2376,111.4621,85,1.48,86.25199999999998,74
221,kruisfontein,ZA,2022-04-24 12:12:36,-34.0033,24.7314,36,4.4,58.153999999999954,92
222,chicama,PE,2022-04-24 12:12:37,-7.8447,-79.1469,96,2.32,59.80999999999998,84
223,buariki,,,,,,,,
224,bako,ET,2022-04-24 12:12:40,5.7833,36.5667,100,1.67,62.492,89
225,olinda,BR,2022-04-24 12:12:41,-8.0089,-34.8553,75,4.12,77.0,94
226,lorengau,PG,2022-04-24 12:12:42,-2.0226,147.2712,95,3.79,83.35399999999996,77
227,esperance,AU,2022-04-24 12:12:44,-33.8667,121.9,8,2.59,69.08000000000004,54
228,paradwip,,,,,,,,
229,bathsheba,BB,2022-04-24 12:12:46,13.2167,-59.5167,10,6.32,77.43200000000002,75
230,mehamn,NO,2022-04-24 12:12:47,71.0357,27.8492,100,8.31,38.858000000000004,96
231,tura,IN,2022-04-24 12:12:49,25.5198,90.2201,12,3.55,83.91199999999995,65
232,nhulunbuy,AU,2022-04-24 12:12:50,-12.2333,136.7667,75,3.6,90.48200000000003,62
233,tartagal,AR,2022-04-24 12:12:51,-22.5164,-63.8013,95,0.5,65.44399999999997,91
234,santa isabel do rio negro,BR,2022-04-24 12:12:53,-0.4139,-65.0192,51,0.71,74.67799999999997,92
235,foz,ES,2022-04-24 12:12:54,43.5692,-7.2544,93,3.25,51.70999999999998,78
236,nizwa,OM,2022-04-24 12:12:55,22.9333,57.5333,42,1.23,82.00399999999996,38
237,arona,ES,2022-04-24 12:12:57,28.0996,-16.681,20,3.6,56.08399999999999,75
238,maniitsoq,GL,2022-04-24 12:12:58,65.4167,-52.9,100,6.66,31.49600000000005,99
239,kayankulam,IN,2022-04-24 12:12:59,9.1833,76.5,72,0.92,84.50600000000003,72
240,mount hagen,PG,2022-04-24 12:13:01,-5.8581,144.2274,90,1.21,68.792,87
241,bambous virieux,MU,2022-04-24 12:13:02,-20.3428,57.7575,40,6.17,78.49399999999997,69
242,lavrentiya,RU,2022-04-24 12:13:03,65.5833,-171,100,0.79,30.52400000000001,81
243,huazolotitlan,,,,,,,,
244,vila velha,BR,2022-04-24 12:13:06,-20.3297,-40.2925,0,1.54,79.01600000000002,88
245,kutum,SD,2022-04-24 12:13:07,14.2,24.6667,5,2.9,72.85999999999999,12
246,sinjar,IQ,2022-04-24 12:13:09,36.3209,41.8754,100,1.39,71.95999999999998,27
247,partenit,UA,2022-04-24 12:13:10,44.578,34.3446,30,2.19,54.319999999999965,63
248,barentu,ER,2022-04-24 12:13:11,15.1139,37.5928,61,2.4,81.44600000000005,36
249,zhanakorgan,KZ,2022-04-24 12:13:13,43.9098,67.2495,27,3.43,67.51400000000004,58
250,illoqqortoormiut,,,,,,,,
251,bargi,IN,2022-04-24 12:13:15,22.9833,79.8667,6,3.42,90.64399999999998,14
252,port hedland,AU,2022-04-24 12:13:17,-20.3167,118.5667,0,6.69,93.52400000000002,17
253,kampot,KH,2022-04-24 12:13:18,10.6167,104.1833,91,2.59,89.924,66
254,nizhneyansk,,,,,,,,
255,usinsk,RU,2022-04-24 12:13:21,65.9939,57.5281,100,0.13,22.04600000000005,75
256,champasak,LA,2022-04-24 12:13:22,14.75,106,31,1.83,93.77599999999998,48
257,provideniya,RU,2022-04-24 12:13:23,64.3833,-173.3,96,0.94,33.601999999999975,67
258,hualmay,PE,2022-04-24 12:13:25,-11.0964,-77.6139,14,2.89,67.28000000000004,88
259,umm kaddadah,SD,2022-04-24 12:13:26,13.6017,26.6876,6,4.77,76.62200000000004,10
260,quatre cocos,MU,2022-04-24 12:13:27,-20.2078,57.7625,82,6.32,78.368,65
261,kavieng,PG,2022-04-24 12:13:29,-2.5744,150.7967,55,4.88,85.19000000000003,65
262,plettenberg bay,ZA,2022-04-24 12:13:30,-34.0527,23.3716,63,3.89,59.07200000000004,85
263,shitanjing,CN,2022-04-24 12:13:31,39.2342,106.3439,100,6.46,70.19600000000005,14
264,bandarbeyla,SO,2022-04-24 12:13:33,9.4942,50.8122,48,2.86,83.58800000000005,66
265,kostolac,RS,2022-04-24 12:13:34,44.7149,21.1711,11,3.22,55.72400000000002,84
266,port augusta,AU,2022-04-24 12:13:35,-32.5,137.7667,100,2.78,75.95600000000003,47
267,tsihombe,,,,,,,,
268,mar del plata,AR,2022-04-24 12:09:10,-38.0023,-57.5575,75,5.14,61.141999999999996,80
269,port saint lucie,US,2022-04-24 12:13:39,27.2939,-80.3503,75,5.66,75.45199999999997,68
270,cherskiy,RU,2022-04-24 12:13:40,68.75,161.3,100,1.62,23.108000000000004,78
271,barbar,,,,,,,,
272,sakakah,SA,2022-04-24 12:13:43,29.9697,40.2064,2,5.2,69.18800000000005,65
273,kushima,JP,2022-04-24 12:13:44,31.4583,131.2333,100,0.58,68.9,91
274,port hardy,CA,2022-04-24 12:08:46,50.6996,-127.4199,100,6.17,45.57200000000004,88
275,barrow,US,2022-04-24 12:13:47,71.2906,-156.7887,100,3.6,16.088000000000044,86
276,touros,BR,2022-04-24 12:13:48,-5.1989,-35.4608,100,3.45,75.84800000000003,92
277,taganak,PH,2022-04-24 12:13:49,6.0833,118.3,38,1.7,83.174,74
278,namibe,AO,2022-04-24 12:13:51,-15.1961,12.1522,27,2.93,68.9,84
279,jining,CN,2022-04-24 12:13:52,35.405,116.5814,99,4.98,82.47200000000004,41
280,huayucachi,PE,2022-04-24 12:13:53,-12.1333,-75.2333,83,0.68,48.182000000000016,89
281,coahuayana,MX,2022-04-24 12:13:55,18.7333,-103.6833,0,0.89,70.68200000000002,85
282,sars,RU,2022-04-24 12:13:56,56.5502,57.1366,68,3.4,44.096000000000046,79
283,clyde river,CA,2022-04-24 12:13:57,70.4692,-68.5914,46,2.07,-8.337999999999994,96
284,birin,NP,2022-04-24 12:13:59,26.8865,88.0718,0,2.39,72.78800000000004,52
285,torbay,CA,2022-04-24 12:14:00,47.6666,-52.7314,100,4.92,34.03399999999999,93
286,bubaque,GW,2022-04-24 12:14:01,11.2833,-15.8333,28,4.39,76.65800000000002,76
287,jacqueville,CI,2022-04-24 12:14:03,5.2052,-4.4146,74,2.91,80.94200000000001,88
288,rujewa,TZ,2022-04-24 12:14:04,-8.7,34.3833,96,1.49,63.75199999999998,92
289,vila franca do campo,PT,2022-04-24 12:14:05,37.7167,-25.4333,18,5.93,57.88399999999999,76
290,calama,CL,2022-04-24 12:14:07,-22.4667,-68.9333,0,9.26,39.95600000000003,48
291,malanje,AO,2022-04-24 12:14:08,-9.5402,16.341,99,0.22,61.15999999999998,97
292,codrington,AU,2022-04-24 12:14:09,-38.2667,141.9667,3,5.5,65.28200000000001,54
293,rawson,AR,2022-04-24 12:10:50,-43.3002,-65.1023,1,7.76,55.65199999999997,43
294,demba,CD,2022-04-24 12:14:14,-5.51,22.2667,100,0.89,68.84600000000006,99
295,ahipara,NZ,2022-04-24 12:14:15,-35.1667,173.1667,94,6.38,64.85,69
296,hami,CN,2022-04-24 12:14:17,42.8,93.45,5,3.12,76.29800000000003,15
297,nioro,GM,2022-04-24 12:14:18,13.35,-15.75,0,1.55,80.79800000000003,30
298,bengkulu,ID,2022-04-24 12:14:19,-3.8004,102.2655,100,1.16,79.68200000000002,79
299,jhargram,IN,2022-04-24 12:14:21,22.45,86.9833,14,3.41,101.82200000000005,20
300,cabo san lucas,MX,2022-04-24 12:14:22,22.8909,-109.9124,0,4.75,71.88800000000005,75
301,oruro,BO,2022-04-24 12:14:23,-17.9833,-67.15,1,1.99,46.38200000000002,44
302,sao filipe,CV,2022-04-24 12:14:25,14.8961,-24.4956,0,3.12,73.92200000000004,75
303,cabinda,AO,2022-04-24 12:14:26,-5.55,12.2,100,1.35,77.45,90
304,puerto cortes,,,,,,,,
305,kiunga,PG,2022-04-24 12:14:28,-6.1219,141.2906,70,0.4,90.10399999999996,60
306,la libertad,EC,2022-04-24 12:14:30,-2.2333,-80.9,53,3.39,72.89600000000004,85
307,north platte,US,2022-04-24 12:14:31,41.1239,-100.7654,0,11.83,43.39399999999997,69
308,kahului,US,2022-04-24 12:14:32,20.8947,-156.47,40,10.29,79.08800000000005,76
309,ankang,CN,2022-04-24 12:14:34,32.68,109.0172,100,0.89,65.46199999999996,93
310,seoul,KR,2022-04-24 12:08:43,37.5683,126.9778,83,2.93,76.65800000000002,50
311,bellefontaine,US,2022-04-24 12:14:13,40.3612,-83.7597,0,3.6,69.16999999999996,60
312,dunedin,NZ,2022-04-24 12:10:01,-45.8742,170.5036,98,4.47,55.07599999999999,58
313,chapada dos guimaraes,BR,2022-04-24 12:14:38,-15.4606,-55.7497,59,2.3,67.92799999999997,84
314,clarence town,AU,2022-04-24 12:14:40,-32.5833,151.7833,9,3.86,72.08599999999997,51
315,neryungri,RU,2022-04-24 12:14:41,56.6709,124.6491,73,2.97,29.461999999999954,69
316,saint anthony,US,2022-04-24 12:14:42,45.0205,-93.218,0,6.69,59.935999999999964,83
317,kingisepp,RU,2022-04-24 12:14:44,59.3733,28.6134,79,4.57,37.61600000000001,84
318,kaitangata,NZ,2022-04-24 12:14:45,-46.2817,169.8464,91,5.82,51.25999999999998,76
319,taburi,,,,,,,,
320,aitape,PG,2022-04-24 12:14:48,-3.1374,142.3475,70,3.29,85.44200000000001,70
321,ho,,,,,,,,
322,faanui,PF,2022-04-24 12:14:50,-16.4833,-151.75,87,2.59,79.68200000000002,75
323,taoudenni,ML,2022-04-24 12:14:51,22.6783,-3.9836,7,3.98,73.52599999999998,19
324,tombouctou,ML,2022-04-24 12:14:53,20,-3,32,4.49,72.62599999999999,13
325,miyazu,JP,2022-04-24 12:14:54,35.5333,135.1833,100,4.14,69.76400000000004,63
326,solana beach,US,2022-04-24 12:14:55,32.9912,-117.2711,0,4.12,65.13800000000005,73
327,merauke,ID,2022-04-24 12:14:57,-8.4667,140.3333,67,3.16,85.13599999999997,69
328,tupiza,BO,2022-04-24 12:14:58,-21.45,-65.7167,31,2.7,52.37599999999999,13
329,newport,GB,2022-04-24 12:14:52,51.5877,-2.9984,100,2.68,50.03599999999997,80
330,batouri,CM,2022-04-24 12:15:00,4.4333,14.3667,95,0.97,67.74800000000002,98
331,makokou,GA,2022-04-24 12:15:02,0.5738,12.8642,100,0.47,69.89000000000001,99
332,mitu,CO,2022-04-24 12:15:03,1.1983,-70.1733,100,0.8,77.25199999999998,83
333,issoudun,FR,2022-04-24 12:15:05,47,1.8333,100,0,50.917999999999985,100
334,khandyga,RU,2022-04-24 12:15:06,62.6667,135.6,74,1.04,33.92599999999999,66
335,kununurra,AU,2022-04-24 12:13:46,-15.7667,128.7333,19,4.63,93.45199999999997,33
336,lisakovsk,KZ,2022-04-24 12:15:09,52.5369,62.4936,98,4.94,44.24000000000002,39
337,gela,IT,2022-04-24 12:15:10,37.0803,14.2307,84,1.49,58.85600000000003,63
338,adrar,MR,2022-04-24 12:15:11,20.5022,-10.0711,0,4.47,68.30600000000004,33
339,talavera,PH,2022-04-24 12:15:13,15.6167,120.9333,4,4.35,100.11199999999995,29
340,henties bay,NA,2022-04-24 12:15:14,-22.116,14.2845,78,3.22,59.377999999999965,87
341,moindou,NC,2022-04-24 12:15:15,-21.6924,165.677,71,8.19,76.60399999999996,77
342,emerald,AU,2022-04-24 12:15:17,-23.5333,148.1667,91,9.11,79.06999999999996,49
343,pisco,PE,2022-04-24 12:14:45,-13.7,-76.2167,75,2.06,64.72400000000002,94
344,lakes entrance,AU,2022-04-24 12:15:19,-37.8811,147.981,0,2.57,65.42599999999999,69
345,villa maria,AR,2022-04-24 12:10:20,-32.4075,-63.2402,7,6.65,60.09800000000003,77
346,christchurch,NZ,2022-04-24 12:15:00,-43.5333,172.6333,75,6.17,59.18000000000004,66
347,ipixuna,BR,2022-04-24 12:15:23,-1.7625,-48.8043,100,1.74,71.85199999999998,98
348,singleton,AU,2022-04-24 12:15:24,-32.5667,151.1833,42,3.58,70.25,73
349,la ronge,CA,2022-04-24 12:15:24,55.1001,-105.2842,20,1.03,36.122000000000035,55
350,sur,OM,2022-04-24 12:15:27,22.5667,59.5289,28,3.34,88.91600000000001,41
351,lamu,KE,2022-04-24 12:15:28,-2.2717,40.902,96,4.54,81.08599999999997,75
352,preobrazheniye,RU,2022-04-24 12:15:30,42.9019,133.9064,68,5.65,58.00999999999998,55
353,bac lieu,VN,2022-04-24 12:15:31,9.285,105.7244,91,4.91,89.834,58
354,kodiak,US,2022-04-24 12:15:32,57.79,-152.4072,100,8.23,42.58399999999999,87
355,lingao,CN,2022-04-24 12:15:34,19.9103,109.6859,5,0.88,88.88000000000005,57
356,nampula,MZ,2022-04-24 12:15:35,-15.1165,39.2666,75,2.57,71.816,94
357,aykhal,RU,2022-04-24 12:15:37,66,111.5,100,1.61,16.033999999999992,63
358,saint-francois,FR,2022-04-24 12:15:38,46.4154,3.9054,100,1.03,46.11199999999995,87
359,ilinskiy,RU,2022-04-24 12:15:40,55.619,38.1182,0,2,50.648000000000025,90
360,havoysund,NO,2022-04-24 12:15:41,70.9963,24.6622,100,10.34,39.70399999999995,94
361,doha,QA,2022-04-24 12:15:43,25.2867,51.5333,0,3.09,84.45199999999997,44
362,sinnamary,GF,2022-04-24 12:15:44,5.3833,-52.95,100,2.62,76.80199999999998,90
363,port-gentil,GA,2022-04-24 12:15:45,-0.7193,8.7815,100,3.66,80.25800000000001,84
364,stornoway,GB,2022-04-24 12:15:47,58.2093,-6.3865,20,2.57,44.83399999999999,92
365,colomi,BO,2022-04-24 12:15:48,-17.35,-65.8667,57,2.51,50.73800000000004,87
366,tromso,NO,2022-04-24 12:15:49,69.6496,18.957,100,4.12,39.65,81
367,rocha,UY,2022-04-24 12:15:51,-34.4833,-54.3333,0,2.55,52.88000000000004,71
368,san francisco,US,2022-04-24 12:06:09,37.7749,-122.4194,0,9.77,62.74399999999997,73
369,palmas,BR,2022-04-24 12:14:48,-10.2128,-48.3603,20,2.06,75.34399999999997,94
370,denpasar,ID,2022-04-24 12:11:32,-8.65,115.2167,20,4.63,87.72799999999997,74
371,katsuura,JP,2022-04-24 12:15:56,35.1333,140.3,100,1.72,62.29399999999997,93
372,ostrovnoy,RU,2022-04-24 12:15:58,68.0531,39.5131,93,7.44,32.48599999999997,93
373,klaksvik,FO,2022-04-24 12:15:59,62.2266,-6.589,84,8.76,43.98800000000004,82
374,lasa,IT,2022-04-24 12:16:00,46.6166,10.7002,98,2.3,43.95199999999998,98
375,katsiveli,,,,,,,,
376,shieli,KZ,2022-04-24 12:16:03,44.1667,66.75,18,5.42,67.56799999999998,57
377,kismayo,SO,2022-04-24 12:16:04,-0.3582,42.5454,77,5.36,83.69600000000005,74
378,sao joao da barra,BR,2022-04-24 12:16:05,-21.6403,-41.0511,5,2.53,76.26199999999996,73
379,chernyakhiv,UA,2022-04-24 12:16:07,50.4565,28.6702,5,2.9,39.84800000000003,91
380,barawe,,,,,,,,
381,alice springs,AU,2022-04-24 12:16:09,-23.7,133.8833,78,5.14,76.81999999999996,32
382,maloshuyka,,,,,,,,
383,inuvik,CA,2022-04-24 12:16:12,68.3499,-133.7218,0,1.03,40.33399999999999,41
384,rubbestadneset,NO,2022-04-24 12:16:13,59.8147,5.2681,1,1.45,45.751999999999974,73
385,esparta,HN,2022-04-24 12:16:14,15.7437,-87.1766,1,1.82,74.53399999999999,86
386,aginskoye,RU,2022-04-24 12:16:16,51.1,114.53,53,9.36,42.16999999999996,29
387,bundaberg,AU,2022-04-24 12:12:34,-24.85,152.35,75,9.77,79.484,59
388,tuatapere,NZ,2022-04-24 12:16:18,-46.1333,167.6833,100,6.06,51.27799999999996,75
389,srednekolymsk,RU,2022-04-24 12:12:21,67.45,153.6833,100,1.74,23.341999999999995,78
390,juifang,,,,,,,,
391,conceicao da barra,BR,2022-04-24 12:16:22,-18.5933,-39.7322,8,3.9,77.54000000000002,92
392,san cristobal,VE,2022-04-24 12:16:23,7.7669,-72.225,100,1.07,70.25,97
393,khasan,RU,2022-04-24 12:16:24,42.4308,130.6434,48,3.31,63.319999999999965,41
394,moerai,PF,2022-04-24 12:16:26,-22.4333,-151.3333,77,9.67,77.684,72
395,te anau,NZ,2022-04-24 12:16:27,-45.4167,167.7167,100,1.99,53.95999999999998,65
396,tabialan,,,,,,,,
397,alenquer,BR,2022-04-24 12:16:30,-1.9417,-54.7383,100,1.5,73.36400000000003,98
398,sikonge,TZ,2022-04-24 12:16:31,-5.6333,32.7667,100,1.34,63.788000000000046,96
399,batagay-alyta,RU,2022-04-24 12:16:32,67.8006,130.4114,99,1.75,18.158,78
400,acarau,BR,2022-04-24 12:16:34,-2.8856,-40.12,100,3.65,74.35399999999996,93
401,kuching,MY,2022-04-24 12:16:35,1.55,110.3333,40,1.54,84.68599999999998,84
402,lodwar,KE,2022-04-24 12:16:36,3.1191,35.5973,99,3.19,83.53399999999999,54
403,kaka,TM,2022-04-24 12:16:38,37.3482,59.6143,1,0.98,70.98800000000006,49
404,palimbang,PH,2022-04-24 12:16:39,6.2106,124.1894,81,2.13,84.46999999999997,78
405,alofi,NU,2022-04-24 12:16:40,-19.0595,-169.9187,45,1.54,80.76199999999996,78
406,ingham,US,2022-04-24 12:16:42,42.6,-84.3833,0,3.6,72.89600000000004,59
407,schwedt,DE,2022-04-24 12:16:43,53.0596,14.2815,83,3.98,44.851999999999975,72
408,forio,IT,2022-04-24 12:16:44,40.7342,13.8646,38,1.34,60.8,88
409,moyale,KE,2022-04-24 12:16:46,3.5167,39.0584,65,1.48,67.74800000000002,87
410,pringsewu,ID,2022-04-24 12:16:47,-5.3582,104.9744,100,1.76,77.9,91
411,aksu,CN,2022-04-24 12:16:48,41.1231,80.2644,43,0.75,74.066,25
412,pedernales,DO,2022-04-24 12:16:50,18.0384,-71.744,100,2.28,78.02599999999998,73
413,praia da vitoria,PT,2022-04-24 12:16:51,38.7333,-27.0667,40,6.37,56.030000000000044,87
414,buala,SB,2022-04-24 12:16:52,-8.145,159.5921,31,1.84,84.88399999999999,71
415,bucksport,US,2022-04-24 12:16:54,44.5737,-68.7956,83,2.29,42.36799999999998,33
416,le port,RE,2022-04-24 12:16:55,-20.9373,55.2919,88,3.38,77.26999999999995,67
417,salinas,US,2022-04-24 12:06:41,36.6777,-121.6555,0,3.09,60.116000000000014,67
418,balimo,,,,,,,,
419,smithers,CA,2022-04-24 12:16:59,54.7804,-127.1743,100,1.03,45.193999999999974,81
420,mogadishu,SO,2022-04-24 12:17:00,2.0371,45.3438,38,5.59,83.984,71
421,mutsamudu,,,,,,,,
422,lima,PE,2022-04-24 12:12:37,-12.0432,-77.0282,75,4.63,67.17200000000004,79
423,haines junction,CA,2022-04-24 12:17:04,60.7522,-137.5108,100,1.54,43.016000000000005,52
424,egvekinot,RU,2022-04-24 12:17:05,66.3167,-179.1667,100,1.08,23.9,86
425,semey,KZ,2022-04-24 12:17:06,50.4111,80.2275,75,4,32.48599999999997,43
426,north ogden,US,2022-04-24 12:17:08,41.3072,-111.9602,100,5.14,46.346000000000046,59
427,darhan,MN,2022-04-24 12:17:09,49.4867,105.9228,53,2.28,44.00600000000003,27
428,yubari,JP,2022-04-24 12:17:11,43.0378,141.9578,92,8.25,57.811999999999955,39
429,harper,LR,2022-04-24 12:17:12,4.375,-7.7169,100,1.97,80.34800000000003,83
430,altay,CN,2022-04-24 12:17:13,47.8667,88.1167,100,4.26,41.719999999999956,79
431,presque isle,US,2022-04-24 12:15:51,46.6811,-68.0159,0,2.06,30.325999999999986,57
432,nizhneshilovka,,,,,,,,
433,luderitz,NA,2022-04-24 12:17:17,-26.6481,15.1594,5,10.63,53.63599999999997,75
434,noumea,NC,2022-04-24 12:13:30,-22.2763,166.4572,99,7.5,77.26999999999995,99
435,teya,RU,2022-04-24 12:17:20,60.3778,92.6267,100,2.02,29.948000000000025,90
436,bow island,CA,2022-04-24 12:17:21,49.8668,-111.3684,100,0.51,40.477999999999966,60
437,chapais,CA,2022-04-24 12:17:23,49.7834,-74.8492,100,1.93,23.053999999999952,92
438,mgandu,TZ,2022-04-24 12:17:24,-5.95,34.1333,96,2.05,59.935999999999964,98
439,port-cartier,CA,2022-04-24 12:17:27,50.0334,-66.8654,6,5.24,34.285999999999966,74
440,fort myers beach,US,2022-04-24 12:14:36,26.452,-81.9481,0,5.14,73.68800000000005,73
441,ostersund,SE,2022-04-24 12:17:29,63.1792,14.6357,86,2.68,32.88200000000002,93
442,wamba,NG,2022-04-24 12:17:31,8.9333,8.6,100,1.11,77.07200000000003,78
443,ouahigouya,BF,2022-04-24 12:17:32,13.5828,-2.4216,24,4.54,81.89600000000004,12
444,new ulm,US,2022-04-24 12:17:33,44.3125,-94.4605,0,9.77,56.04800000000003,50
445,jinchengjiang,,,,,,,,
446,galesong,ID,2022-04-24 12:17:36,-5.3166,119.3661,99,0.57,89.88800000000005,68
447,guaymas,MX,2022-04-24 12:16:17,27.9333,-110.9,0,3.56,70.15999999999998,40
448,halalo,,,,,,,,
449,conde,BR,2022-04-24 12:17:39,-7.2597,-34.9075,40,2.06,74.93000000000004,100
450,shiyan,CN,2022-04-24 12:17:41,32.6475,110.7781,100,2.41,73.72400000000002,71
451,callaway,US,2022-04-24 12:17:42,30.153,-85.5699,0,0.45,69.27799999999996,81
452,ambon,ID,2022-04-24 12:17:43,-3.6954,128.1814,40,3.09,93.61400000000003,59
453,poum,NC,2022-04-24 12:17:45,-20.2333,164.0167,62,3.97,78.24199999999999,72
454,berlevag,NO,2022-04-24 12:17:46,70.8578,29.0864,100,7.81,39.272000000000034,95
455,deputatskiy,RU,2022-04-24 12:17:47,69.3,139.9,100,1.69,13.946000000000048,84
456,beyneu,KZ,2022-04-24 12:17:49,45.3167,55.2,7,4.07,55.58000000000004,64
457,santa cruz,BO,2022-04-24 12:17:50,-17.8,-63.1667,40,2.06,74.93000000000004,94
458,fort nelson,CA,2022-04-24 12:17:51,58.8053,-122.7002,75,6.69,48.056000000000026,40
459,hun,LY,2022-04-24 12:17:52,29.1268,15.9477,0,0.8,58.71199999999996,46
460,mitsamiouli,KM,2022-04-24 12:17:54,-11.3847,43.2844,100,5.19,81.62599999999999,82
461,mahanoro,MG,2022-04-24 12:17:55,-19.9,48.8,100,3.94,75.29000000000002,89
462,aksarka,RU,2022-04-24 12:17:57,66.5606,67.7975,100,1.81,8.50999999999998,89
463,malakal,SS,2022-04-24 12:17:58,9.5334,31.6605,22,1.39,82.11199999999997,55
464,karamay,,,,,,,,
465,otavi,NA,2022-04-24 12:18:00,-19.65,17.3333,4,0.91,57.866000000000014,56
466,saint-augustin,CA,2022-04-24 12:18:02,51.226,-58.6502,100,7.05,32.342,97
467,beihai,CN,2022-04-24 12:18:05,21.4833,109.1,3,3.15,80.6,78
468,necochea,AR,2022-04-24 12:18:06,-38.5473,-58.7368,57,7.03,63.57200000000004,59
469,grenada,ES,2022-04-24 12:18:07,37.1882,-3.6067,75,0,47.174000000000014,96
470,aberystwyth,GB,2022-04-24 12:15:34,52.4155,-4.0829,13,7.63,46.975999999999985,82
471,san jeronimo,PE,2022-04-24 12:18:10,-11.9472,-75.2829,77,0.64,47.39000000000002,85
472,yeppoon,AU,2022-04-24 12:18:11,-23.1333,150.7333,66,11.25,78.85399999999996,75
473,sibenik,HR,2022-04-24 12:18:13,43.7272,15.9058,50,2.24,61.64600000000005,64
474,providencia,MX,2022-04-24 12:18:14,28.7167,-111.5833,0,4.34,68.46799999999999,50
475,aransas pass,US,2022-04-24 12:18:15,27.9095,-97.15,40,7.72,76.24399999999997,91
476,coos bay,US,2022-04-24 12:17:51,43.3665,-124.2179,0,2.57,50.25199999999998,94
477,jumla,NP,2022-04-24 12:15:07,29.2747,82.1838,0,2.14,66.81199999999995,16
478,vestmannaeyjar,IS,2022-04-24 12:18:19,63.4427,-20.2734,98,2.71,45.91400000000003,88
479,kadykchan,,,,,,,,
480,tautira,PF,2022-04-24 12:18:21,-17.7333,-149.15,98,3.4,77.86400000000003,81
481,hobyo,SO,2022-04-24 12:18:23,5.3505,48.5268,73,4.96,84.74000000000002,68
482,vardo,NO,2022-04-24 12:18:24,70.3705,31.1107,100,5.63,38.11999999999996,96
483,puerto carreno,CO,2022-04-24 12:18:25,6.189,-67.4859,100,1.73,81.44600000000005,71
484,bafoulabe,ML,2022-04-24 12:18:28,13.8065,-10.8321,4,2.46,88.142,13
485,felidhoo,,,,,,,,
486,atlantic city,US,2022-04-24 12:16:27,39.3643,-74.4229,0,2.06,53.29399999999997,83
487,burica,,,,,,,,
488,kautokeino,NO,2022-04-24 12:18:33,69.0125,23.0412,33,0.95,22.819999999999958,96
489,aleksandrovsk-sakhalinskiy,RU,2022-04-24 12:18:34,50.8975,142.1561,100,3.92,34.411999999999956,98
490,saint-denis,FR,2022-04-24 12:18:36,48.9167,2.3333,0,3.09,51.85399999999996,83
491,khor,RU,2022-04-24 12:18:37,47.8861,134.9464,96,11.28,51.74600000000005,51
492,manzhouli,CN,2022-04-24 12:18:38,49.6,117.4333,73,7.8,45.89600000000005,36
493,namatanai,PG,2022-04-24 12:18:40,-3.6667,152.4333,68,3.8,85.29800000000003,61
494,vao,NC,2022-04-24 12:18:41,-22.6667,167.4833,92,10.05,75.12799999999996,70
495,khovu-aksy,RU,2022-04-24 12:18:42,51.1333,93.6,100,5.67,29.533999999999992,75
496,pasighat,IN,2022-04-24 12:18:44,28.0667,95.3333,100,1.55,71.05999999999997,89
497,erenhot,CN,2022-04-24 12:18:45,43.6475,111.9767,34,3.79,64.4,18
498,carutapera,BR,2022-04-24 12:18:46,-1.195,-46.02,98,1.73,73.56199999999995,96
499,tateyama,JP,2022-04-24 12:18:48,34.9833,139.8667,100,4.22,60.85399999999996,90
500,chernolesskoye,RU,2022-04-24 12:18:49,44.7156,43.7133,6,4.22,53.150000000000006,65
501,bintulu,MY,2022-04-24 12:18:50,3.1667,113.0333,40,2.57,90.28399999999999,74
502,saint-germain-de-grantham,CA,2022-04-24 12:18:52,45.8334,-72.5658,70,3.13,40.280000000000044,73
503,iralaya,HN,2022-04-24 12:18:53,15,-83.2333,13,4.46,77.77400000000002,85
504,staryy nadym,RU,2022-04-24 12:18:54,65.6118,72.6842,85,1.9,11.498000000000022,87
505,ust-maya,RU,2022-04-24 12:18:56,60.4167,134.5333,91,2.22,37.20199999999998,49
506,ponta delgada,PT,2022-04-24 12:18:57,37.7333,-25.6667,20,7.72,58.190000000000026,72
507,marcona,,,,,,,,
508,gurskoye,,,,,,,,
509,kathu,TH,2022-04-24 12:19:01,7.9178,98.3332,81,2.68,89.69000000000003,74
510,laguna,US,2022-04-24 12:19:02,38.421,-121.4238,0,2.57,65.03000000000004,51
511,gazojak,TM,2022-04-24 12:19:03,41.1875,61.4036,0,1.78,70.46600000000001,43
512,imbituba,BR,2022-04-24 12:19:05,-28.24,-48.6703,0,1.32,63.23000000000005,76
513,haimen,CN,2022-04-24 12:19:06,23.1935,116.6142,6,4.62,87.96199999999996,66
514,okahandja,NA,2022-04-24 12:19:07,-21.9833,16.9167,0,1.16,55.99399999999997,54
515,kawalu,ID,2022-04-24 12:19:09,-7.3817,108.2082,80,1.56,87.78200000000001,61
516,bima,ID,2022-04-24 12:19:10,-8.4667,118.7167,40,0.98,89.43800000000005,64
517,hovd,MN,2022-04-24 12:19:12,48.0056,91.6419,59,7.38,56.55199999999998,26
518,coihaique,CL,2022-04-24 12:19:13,-45.5752,-72.0662,100,2.06,41.21600000000001,93
519,korla,CN,2022-04-24 12:19:14,41.7597,86.1469,0,1.93,76.02799999999996,17
520,mayo,US,2022-04-24 12:19:16,38.8876,-76.5119,0,1.54,61.44800000000002,75
521,tiznit,MA,2022-04-24 12:19:17,29.5833,-9.5,86,4.35,52.592,82
522,tungkang,,,,,,,,
523,luau,AO,2022-04-24 12:19:19,-10.7073,22.2247,100,1.37,63.464000000000034,96
524,isangel,VU,2022-04-24 12:19:21,-19.55,169.2667,26,5.95,81.40999999999998,68
525,roald,NO,2022-04-24 12:19:22,62.5833,6.1333,34,1.03,43.016000000000005,100
526,kuytun,RU,2022-04-24 12:19:23,54.3419,101.5036,100,2.82,31.874000000000013,53
527,keetmanshoop,NA,2022-04-24 12:19:25,-26.5833,18.1333,0,4.9,51.36799999999998,70
528,seminole,US,2022-04-24 12:19:26,28.7086,-81.2081,20,2.06,73.32799999999997,86
529,nazas,MX,2022-04-24 12:19:27,25.2333,-104.1333,29,1.91,80.13200000000002,14
530,antofagasta,CL,2022-04-24 12:19:29,-23.65,-70.4,17,0.89,58.55,81
531,arrifes,PT,2022-04-24 12:17:23,37.7667,-25.7,20,7.72,55.92200000000004,72
532,lumeje,AO,2022-04-24 12:19:31,-11.55,20.7833,97,1.2,63.03200000000002,84
533,balkanabat,TM,2022-04-24 12:19:33,39.5108,54.3671,4,1.71,67.64000000000001,50
534,mundwa,IN,2022-04-24 12:19:34,27.0667,73.8167,100,2.57,93.25399999999996,11
535,trincomalee,LK,2022-04-24 12:19:35,8.5711,81.2335,81,1.58,82.27400000000002,76
536,toliary,,,,,,,,
537,uige,AO,2022-04-24 12:19:38,-7.6087,15.0613,93,0.25,65.56999999999996,99
538,minsk,BY,2022-04-24 12:19:39,53.9,27.5667,63,2.7,42.817999999999984,96
539,channel-port aux basques,CA,2022-04-24 12:19:40,47.5702,-59.1367,97,6.32,34.016000000000005,95
540,siderno,IT,2022-04-24 12:19:42,38.2779,16.302,82,1.58,62.6,56
541,riyadh,SA,2022-04-24 12:16:13,24.6877,46.7219,73,2.75,81.01400000000004,22
542,campina verde,BR,2022-04-24 12:19:44,-19.5356,-49.4864,93,1.83,73.65199999999999,54
543,evenskjaer,,,,,,,,
544,vung tau,VN,2022-04-24 12:19:47,10.346,107.0843,96,5.26,85.81999999999996,73
545,honiara,SB,2022-04-24 12:17:18,-9.4333,159.95,55,1.69,86.576,65
546,ginir,ET,2022-04-24 12:19:49,7.1333,40.7,79,1.36,61.538000000000046,79
547,nanga eboko,CM,2022-04-24 12:19:50,4.6833,12.3667,100,0.38,67.94600000000005,99
548,tazovskiy,RU,2022-04-24 12:19:52,67.4667,78.7,96,3.4,4.819999999999958,94
549,karcsa,HU,2022-04-24 12:19:53,48.3113,21.8054,89,1.92,43.25,91
550,ilhabela,BR,2022-04-24 12:19:54,-23.7781,-45.3581,35,0.18,73.68800000000005,81
551,hambantota,LK,2022-04-24 12:19:56,6.1241,81.1185,31,0.51,84.45199999999997,70
552,bereda,ES,2022-04-24 12:19:57,43.2686,-7.5406,99,2.09,46.688000000000045,97
553,turayf,SA,2022-04-24 12:19:58,31.6725,38.6637,17,4.12,59.522000000000034,88
554,kupang,ID,2022-04-24 12:20:00,-10.1667,123.5833,7,3.14,87.99800000000002,51
555,lososina,RU,2022-04-24 12:20:01,48.9975,140.3106,95,2.08,41.46799999999998,81
556,waipawa,NZ,2022-04-24 12:20:02,-41.4122,175.5153,56,3.35,59.774000000000015,61
557,mildura,AU,2022-04-24 12:20:04,-34.2,142.15,87,4.12,76.334,31
558,lang son,VN,2022-04-24 12:20:05,21.8333,106.7333,96,4.47,81.24800000000002,76
559,loandjili,CG,2022-04-24 12:20:07,-4.7561,11.8578,94,0.87,77.21600000000001,89
560,becov,CZ,2022-04-24 12:20:08,50.4497,13.7178,88,3.64,47.983999999999995,80
561,pativilca,PE,2022-04-24 12:20:09,-10.7,-77.7833,18,2.64,67.06400000000004,86
562,byron bay,AU,2022-04-24 12:10:07,-28.65,153.6167,23,6.64,72.21199999999996,71
563,lagoa,PT,2022-04-24 12:20:12,39.05,-27.9833,4,10.79,57.50600000000003,70
564,marsa matruh,EG,2022-04-24 12:20:13,31.3525,27.2453,0,1.97,63.21199999999996,59
565,raposa,BR,2022-04-24 12:20:14,-6.5167,-44.1833,100,1.2,69.27799999999996,99
566,lusaka,ZM,2022-04-24 12:20:16,-15.4067,28.2871,36,2.14,60.29600000000005,84
567,bonoua,CI,2022-04-24 12:20:17,5.2741,-3.595,99,1.58,80.49199999999999,93
568,aquiraz,BR,2022-04-24 12:20:19,-3.9014,-38.3911,100,1.93,75.55999999999997,92
569,oranjestad,AW,2022-04-24 12:20:20,12.524,-70.027,20,6.17,80.816,69
570,santa maria,BR,2022-04-24 12:20:22,-29.6842,-53.8069,0,1.83,52.411999999999956,81
571,nanakuli,US,2022-04-24 12:20:23,21.3906,-158.1547,100,1.54,77.25199999999998,73
572,sitka,US,2022-04-24 12:16:25,57.0531,-135.33,100,5.14,48.36199999999995,61
573,guerrero negro,MX,2022-04-24 12:20:25,27.9769,-114.0611,0,7.01,59.61199999999995,79
574,valparaiso,CL,2022-04-24 12:18:36,-33.0393,-71.6273,0,1.54,59.73800000000004,74
575,mumford,GH,2022-04-24 12:20:28,5.2618,-0.759,100,3.41,79.62799999999996,89
576,isla vista,US,2022-04-24 12:20:29,34.4133,-119.861,0,5.14,69.96199999999996,40
577,cayenne,GF,2022-04-24 12:20:30,4.9333,-52.3333,100,0.51,77.35999999999999,1
578,visby,SE,2022-04-24 12:20:32,57.6409,18.296,75,7.2,41.32400000000001,81
579,kushmurun,KZ,2022-04-24 12:20:33,52.4503,64.6311,99,5.7,42.998000000000026,35
580,desur,IN,2022-04-24 12:20:34,12.4333,79.4833,98,0.94,89.94200000000001,52
581,koutsouras,GR,2022-04-24 12:20:36,35.0339,25.9469,0,1.81,61.37599999999999,81
582,athabasca,CA,2022-04-24 12:20:37,54.7169,-113.2854,78,3.77,42.961999999999954,85
583,arlit,NE,2022-04-24 12:20:38,18.7369,7.3853,77,3.65,82.292,6
584,san miguel,SV,2022-04-24 12:20:40,13.4833,-88.1833,20,1.54,84.12799999999996,65
585,ixtapa,MX,2022-04-24 12:20:41,20.7,-105.2,20,1.54,72.89600000000004,83
586,oceanside,US,2022-04-24 12:20:42,33.1959,-117.3795,0,3.6,64.34600000000006,74
587,unye,,,,,,,,
588,marzuq,YE,2022-04-24 12:20:45,14.4,46.4667,42,1.93,73.52599999999998,39
589,anchorage,US,2022-04-24 12:16:50,61.2181,-149.9003,100,4.12,52.95199999999998,52
590,sorong,ID,2022-04-24 12:20:47,-0.8833,131.25,87,2.22,87.06199999999995,63
591,yumen,CN,2022-04-24 12:20:49,40.2833,97.2,67,2.11,71.52799999999996,12
592,kuito,AO,2022-04-24 12:20:50,-12.3833,16.9333,60,1.61,53.45600000000003,82
593,mount isa,AU,2022-04-24 12:20:51,-20.7333,139.5,75,4.63,82.43599999999998,54
594,gazanjyk,TM,2022-04-24 12:20:53,39.2446,55.5154,1,1.4,65.60600000000002,53
595,silver city,US,2022-04-24 12:20:54,32.7701,-108.2803,0,3.6,55.63399999999999,23
596,baruun-urt,MN,2022-04-24 12:20:55,46.6806,113.2792,43,5.89,56.53399999999999,18
597,mandalgovi,MN,2022-04-24 12:20:57,45.7625,106.2708,38,2.52,54.64399999999998,26
598,naftah,,,,,,,,
599,la rioja,ES,2022-04-24 12:20:59,42.25,-2.5,100,3.89,42.85399999999995,89
600,cimitarra,CO,2022-04-24 12:21:00,6.3142,-73.9497,41,1.01,73.058,90
601,mindelo,CV,2022-04-24 12:21:02,16.8901,-24.9804,40,4.63,69.61999999999996,83
602,ndende,GA,2022-04-24 12:21:03,-2.4008,11.3581,99,0.59,73.20199999999997,98
603,payo,ID,2022-04-24 12:21:04,-3.7508,103.6372,100,0.27,75.18200000000002,96
604,timmins,CA,2022-04-24 12:16:46,48.4669,-81.3331,100,5.66,41.09000000000002,42
605,shakiso,ET,2022-04-24 12:21:07,5.75,38.9167,94,1.14,59.288000000000046,96
606,cuenca,EC,2022-04-24 12:17:22,-2.8833,-78.9833,100,1.54,55.79600000000005,94
607,rancho palos verdes,US,2022-04-24 12:21:09,33.7445,-118.387,0,3.58,69.60199999999998,62
608,laureles,US,2022-04-24 12:21:11,26.1092,-97.4941,100,8.23,78.38599999999997,72
609,neyshabur,IR,2022-04-24 12:21:13,36.2133,58.7958,0,1.38,64.36400000000003,49
610,nemuro,JP,2022-04-24 12:20:11,43.3236,145.575,4,9.44,42.16999999999996,77
611,galveston,US,2022-04-24 12:21:03,29.3669,-94.9669,1,1.79,74.31799999999998,88
612,ahuimanu,US,2022-04-24 12:21:17,21.4447,-157.8378,100,7.72,77.01799999999999,78
613,arcata,US,2022-04-24 12:17:51,40.8665,-124.0828,20,2.24,52.196000000000055,84
614,nicoya,CR,2022-04-24 12:21:19,10.1483,-85.452,3,1.04,79.10600000000002,80
615,don benito,ES,2022-04-24 12:16:55,38.9563,-5.8616,0,1.55,43.898000000000025,94
616,phonhong,LA,2022-04-24 12:21:22,18.5007,102.4166,5,0.42,94.45999999999998,43
617,monywa,MM,2022-04-24 12:21:23,22.1167,95.1333,6,1.98,98.47400000000002,24
618,nabire,ID,2022-04-24 12:21:24,-3.3667,135.4833,80,2.61,87.51199999999996,61
619,salalah,OM,2022-04-24 12:21:26,17.0151,54.0924,28,2.95,82.63399999999999,73
620,grand gaube,MU,2022-04-24 12:21:27,-20.0064,57.6608,97,2.24,78.65600000000003,66
621,upington,ZA,2022-04-24 12:21:28,-28.4478,21.2561,0,3.09,52.44800000000002,87
622,labuhan,ID,2022-04-24 12:21:30,-6.8844,112.2051,100,0.96,85.64000000000001,70
623,bagdarin,RU,2022-04-24 12:21:31,54.4333,113.6,93,3.47,35.438000000000045,28
624,ternate,ID,2022-04-24 12:21:32,0.8,127.4,33,2.5,84.41600000000001,72
625,wewak,PG,2022-04-24 12:21:34,-3.5534,143.6268,36,3.58,85.83800000000005,65
626,ballina,AU,2022-04-24 12:21:35,-28.8667,153.5667,23,6.74,72.05000000000001,75
627,grand centre,,,,,,,,
628,sobolevo,RU,2022-04-24 12:21:38,54.4299,31.8996,100,5.18,46.20199999999998,97
629,tonota,BW,2022-04-24 12:21:39,-21.4833,27.4833,87,2.58,65.33599999999997,78
630,yarada,IN,2022-04-24 12:21:40,17.65,83.2667,20,4.12,93.79399999999998,43
631,singaraja,ID,2022-04-24 12:21:42,-8.112,115.0882,50,2.07,86.14399999999998,71
632,pangnirtung,CA,2022-04-24 12:21:43,66.1451,-65.7125,16,3.42,4.909999999999979,70
633,beauvais,FR,2022-04-24 12:21:44,49.4167,2,0,3.09,47.89399999999997,92
634,sisimiut,GL,2022-04-24 12:21:46,66.9395,-53.6735,100,2.38,28.435999999999968,96
635,baghdad,IQ,2022-04-24 12:21:47,33.3406,44.4009,100,3.09,77.18000000000004,23
636,mega,ET,2022-04-24 12:21:48,4.05,38.3,82,2.64,61.10600000000003,83
637,zachagansk,,,,,,,,
638,iisalmi,FI,2022-04-24 12:21:51,63.5592,27.1907,18,1.61,32.07200000000004,88
